<?xml version="1.0" encoding="UTF-8" ?>
<!DOCTYPE mapper PUBLIC "-//mybatis.org//DTD Mapper 3.0//EN" "http://mybatis.org/dtd/mybatis-3-mapper.dtd" >
<mapper namespace="com.lea.proj.dao.PaymentMapper" >
  <resultMap id="BaseResultMap" type="com.lea.proj.model.Payment" >
    <constructor >
      <idArg column="order_id" jdbcType="BIGINT" javaType="java.lang.Long" />
      <arg column="payment_channel" jdbcType="VARCHAR" javaType="java.lang.String" />
      <arg column="payment_type" jdbcType="VARCHAR" javaType="java.lang.String" />
      <arg column="correspond_order_id" jdbcType="BIGINT" javaType="java.lang.Long" />
      <arg column="shop_name" jdbcType="VARCHAR" javaType="java.lang.String" />
      <arg column="buyer_name" jdbcType="VARCHAR" javaType="java.lang.String" />
      <arg column="order_amount" jdbcType="DECIMAL" javaType="java.math.BigDecimal" />
      <arg column="payment_total_price" jdbcType="DECIMAL" javaType="java.math.BigDecimal" />
      <arg column="bank_payment_id" jdbcType="VARCHAR" javaType="java.lang.String" />
      <arg column="payment_time" jdbcType="TIMESTAMP" javaType="java.util.Date" />
    </constructor>
  </resultMap>
  <sql id="Example_Where_Clause" >
    <where >
      <foreach collection="oredCriteria" item="criteria" separator="or" >
        <if test="criteria.valid" >
          <trim prefix="(" suffix=")" prefixOverrides="and" >
            <foreach collection="criteria.criteria" item="criterion" >
              <choose >
                <when test="criterion.noValue" >
                  and ${criterion.condition}
                </when>
                <when test="criterion.singleValue" >
                  and ${criterion.condition} #{criterion.value}
                </when>
                <when test="criterion.betweenValue" >
                  and ${criterion.condition} #{criterion.value} and #{criterion.secondValue}
                </when>
                <when test="criterion.listValue" >
                  and ${criterion.condition}
                  <foreach collection="criterion.value" item="listItem" open="(" close=")" separator="," >
                    #{listItem}
                  </foreach>
                </when>
              </choose>
            </foreach>
          </trim>
        </if>
      </foreach>
    </where>
  </sql>
  <sql id="Update_By_Example_Where_Clause" >
    <where >
      <foreach collection="example.oredCriteria" item="criteria" separator="or" >
        <if test="criteria.valid" >
          <trim prefix="(" suffix=")" prefixOverrides="and" >
            <foreach collection="criteria.criteria" item="criterion" >
              <choose >
                <when test="criterion.noValue" >
                  and ${criterion.condition}
                </when>
                <when test="criterion.singleValue" >
                  and ${criterion.condition} #{criterion.value}
                </when>
                <when test="criterion.betweenValue" >
                  and ${criterion.condition} #{criterion.value} and #{criterion.secondValue}
                </when>
                <when test="criterion.listValue" >
                  and ${criterion.condition}
                  <foreach collection="criterion.value" item="listItem" open="(" close=")" separator="," >
                    #{listItem}
                  </foreach>
                </when>
              </choose>
            </foreach>
          </trim>
        </if>
      </foreach>
    </where>
  </sql>
  <sql id="Base_Column_List" >
    order_id, payment_channel, payment_type, correspond_order_id, shop_name, buyer_name, 
    order_amount, payment_total_price, bank_payment_id, payment_time
  </sql>
  <select id="selectByExample" resultMap="BaseResultMap" parameterType="com.lea.proj.model.PaymentExample" >
    select
    <if test="distinct" >
      distinct
    </if>
    <include refid="Base_Column_List" />
    from tb_payment
    <if test="_parameter != null" >
      <include refid="Example_Where_Clause" />
    </if>
    <if test="orderByClause != null" >
      order by ${orderByClause}
    </if>
  </select>
  <select id="selectByPrimaryKey" resultMap="BaseResultMap" parameterType="java.lang.Long" >
    select 
    <include refid="Base_Column_List" />
    from tb_payment
    where order_id = #{orderId,jdbcType=BIGINT}
  </select>
  <delete id="deleteByPrimaryKey" parameterType="java.lang.Long" >
    delete from tb_payment
    where order_id = #{orderId,jdbcType=BIGINT}
  </delete>
  <delete id="deleteByExample" parameterType="com.lea.proj.model.PaymentExample" >
    delete from tb_payment
    <if test="_parameter != null" >
      <include refid="Example_Where_Clause" />
    </if>
  </delete>
  <insert id="insert" parameterType="com.lea.proj.model.Payment" >
    insert into tb_payment (order_id, payment_channel, payment_type, 
      correspond_order_id, shop_name, buyer_name, 
      order_amount, payment_total_price, bank_payment_id, 
      payment_time)
    values (#{orderId,jdbcType=BIGINT}, #{paymentChannel,jdbcType=VARCHAR}, #{paymentType,jdbcType=VARCHAR}, 
      #{correspondOrderId,jdbcType=BIGINT}, #{shopName,jdbcType=VARCHAR}, #{buyerName,jdbcType=VARCHAR}, 
      #{orderAmount,jdbcType=DECIMAL}, #{paymentTotalPrice,jdbcType=DECIMAL}, #{bankPaymentId,jdbcType=VARCHAR}, 
      #{paymentTime,jdbcType=TIMESTAMP})
  </insert>
  <insert id="insertSelective" parameterType="com.lea.proj.model.Payment" >
    insert into tb_payment
    <trim prefix="(" suffix=")" suffixOverrides="," >
      <if test="orderId != null" >
        order_id,
      </if>
      <if test="paymentChannel != null" >
        payment_channel,
      </if>
      <if test="paymentType != null" >
        payment_type,
      </if>
      <if test="correspondOrderId != null" >
        correspond_order_id,
      </if>
      <if test="shopName != null" >
        shop_name,
      </if>
      <if test="buyerName != null" >
        buyer_name,
      </if>
      <if test="orderAmount != null" >
        order_amount,
      </if>
      <if test="paymentTotalPrice != null" >
        payment_total_price,
      </if>
      <if test="bankPaymentId != null" >
        bank_payment_id,
      </if>
      <if test="paymentTime != null" >
        payment_time,
      </if>
    </trim>
    <trim prefix="values (" suffix=")" suffixOverrides="," >
      <if test="orderId != null" >
        #{orderId,jdbcType=BIGINT},
      </if>
      <if test="paymentChannel != null" >
        #{paymentChannel,jdbcType=VARCHAR},
      </if>
      <if test="paymentType != null" >
        #{paymentType,jdbcType=VARCHAR},
      </if>
      <if test="correspondOrderId != null" >
        #{correspondOrderId,jdbcType=BIGINT},
      </if>
      <if test="shopName != null" >
        #{shopName,jdbcType=VARCHAR},
      </if>
      <if test="buyerName != null" >
        #{buyerName,jdbcType=VARCHAR},
      </if>
      <if test="orderAmount != null" >
        #{orderAmount,jdbcType=DECIMAL},
      </if>
      <if test="paymentTotalPrice != null" >
        #{paymentTotalPrice,jdbcType=DECIMAL},
      </if>
      <if test="bankPaymentId != null" >
        #{bankPaymentId,jdbcType=VARCHAR},
      </if>
      <if test="paymentTime != null" >
        #{paymentTime,jdbcType=TIMESTAMP},
      </if>
    </trim>
  </insert>
  <select id="countByExample" parameterType="com.lea.proj.model.PaymentExample" resultType="java.lang.Integer" >
    select count(*) from tb_payment
    <if test="_parameter != null" >
      <include refid="Example_Where_Clause" />
    </if>
  </select>
  <update id="updateByExampleSelective" parameterType="map" >
    update tb_payment
    <set >
      <if test="record.orderId != null" >
        order_id = #{record.orderId,jdbcType=BIGINT},
      </if>
      <if test="record.paymentChannel != null" >
        payment_channel = #{record.paymentChannel,jdbcType=VARCHAR},
      </if>
      <if test="record.paymentType != null" >
        payment_type = #{record.paymentType,jdbcType=VARCHAR},
      </if>
      <if test="record.correspondOrderId != null" >
        correspond_order_id = #{record.correspondOrderId,jdbcType=BIGINT},
      </if>
      <if test="record.shopName != null" >
        shop_name = #{record.shopName,jdbcType=VARCHAR},
      </if>
      <if test="record.buyerName != null" >
        buyer_name = #{record.buyerName,jdbcType=VARCHAR},
      </if>
      <if test="record.orderAmount != null" >
        order_amount = #{record.orderAmount,jdbcType=DECIMAL},
      </if>
      <if test="record.paymentTotalPrice != null" >
        payment_total_price = #{record.paymentTotalPrice,jdbcType=DECIMAL},
      </if>
      <if test="record.bankPaymentId != null" >
        bank_payment_id = #{record.bankPaymentId,jdbcType=VARCHAR},
      </if>
      <if test="record.paymentTime != null" >
        payment_time = #{record.paymentTime,jdbcType=TIMESTAMP},
      </if>
    </set>
    <if test="_parameter != null" >
      <include refid="Update_By_Example_Where_Clause" />
    </if>
  </update>
  <update id="updateByExample" parameterType="map" >
    update tb_payment
    set order_id = #{record.orderId,jdbcType=BIGINT},
      payment_channel = #{record.paymentChannel,jdbcType=VARCHAR},
      payment_type = #{record.paymentType,jdbcType=VARCHAR},
      correspond_order_id = #{record.correspondOrderId,jdbcType=BIGINT},
      shop_name = #{record.shopName,jdbcType=VARCHAR},
      buyer_name = #{record.buyerName,jdbcType=VARCHAR},
      order_amount = #{record.orderAmount,jdbcType=DECIMAL},
      payment_total_price = #{record.paymentTotalPrice,jdbcType=DECIMAL},
      bank_payment_id = #{record.bankPaymentId,jdbcType=VARCHAR},
      payment_time = #{record.paymentTime,jdbcType=TIMESTAMP}
    <if test="_parameter != null" >
      <include refid="Update_By_Example_Where_Clause" />
    </if>
  </update>
  <update id="updateByPrimaryKeySelective" parameterType="com.lea.proj.model.Payment" >
    update tb_payment
    <set >
      <if test="paymentChannel != null" >
        payment_channel = #{paymentChannel,jdbcType=VARCHAR},
      </if>
      <if test="paymentType != null" >
        payment_type = #{paymentType,jdbcType=VARCHAR},
      </if>
      <if test="correspondOrderId != null" >
        correspond_order_id = #{correspondOrderId,jdbcType=BIGINT},
      </if>
      <if test="shopName != null" >
        shop_name = #{shopName,jdbcType=VARCHAR},
      </if>
      <if test="buyerName != null" >
        buyer_name = #{buyerName,jdbcType=VARCHAR},
      </if>
      <if test="orderAmount != null" >
        order_amount = #{orderAmount,jdbcType=DECIMAL},
      </if>
      <if test="paymentTotalPrice != null" >
        payment_total_price = #{paymentTotalPrice,jdbcType=DECIMAL},
      </if>
      <if test="bankPaymentId != null" >
        bank_payment_id = #{bankPaymentId,jdbcType=VARCHAR},
      </if>
      <if test="paymentTime != null" >
        payment_time = #{paymentTime,jdbcType=TIMESTAMP},
      </if>
    </set>
    where order_id = #{orderId,jdbcType=BIGINT}
  </update>
  <update id="updateByPrimaryKey" parameterType="com.lea.proj.model.Payment" >
    update tb_payment
    set payment_channel = #{paymentChannel,jdbcType=VARCHAR},
      payment_type = #{paymentType,jdbcType=VARCHAR},
      correspond_order_id = #{correspondOrderId,jdbcType=BIGINT},
      shop_name = #{shopName,jdbcType=VARCHAR},
      buyer_name = #{buyerName,jdbcType=VARCHAR},
      order_amount = #{orderAmount,jdbcType=DECIMAL},
      payment_total_price = #{paymentTotalPrice,jdbcType=DECIMAL},
      bank_payment_id = #{bankPaymentId,jdbcType=VARCHAR},
      payment_time = #{paymentTime,jdbcType=TIMESTAMP}
    where order_id = #{orderId,jdbcType=BIGINT}
  </update>
  <!--根据主键save或update-->
  <insert id="saveOrUpdate" parameterType="com.lea.proj.model.Payment">
    <selectKey keyProperty="count" order="BEFORE" resultType="int">
      select count(1) from tb_payment where order_id = #{orderId,jdbcType=BIGINT}
    </selectKey>
    <if test="count > 0">
      update tb_payment
      set payment_channel = #{paymentChannel,jdbcType=VARCHAR},
      payment_type = #{paymentType,jdbcType=VARCHAR},
      correspond_order_id = #{correspondOrderId,jdbcType=BIGINT},
      shop_name = #{shopName,jdbcType=VARCHAR},
      buyer_name = #{buyerName,jdbcType=VARCHAR},
      order_amount = #{orderAmount,jdbcType=DECIMAL},
      payment_total_price = #{paymentTotalPrice,jdbcType=DECIMAL},
      bank_payment_id = #{bankPaymentId,jdbcType=VARCHAR},
      payment_time = #{paymentTime,jdbcType=TIMESTAMP}
      where order_id = #{orderId,jdbcType=BIGINT}
    </if>
    <if test="count==0">
      insert into tb_payment (order_id, payment_channel, payment_type,
      correspond_order_id, shop_name, buyer_name,
      order_amount, payment_total_price, bank_payment_id,
      payment_time)
      values (#{orderId,jdbcType=BIGINT}, #{paymentChannel,jdbcType=VARCHAR}, #{paymentType,jdbcType=VARCHAR},
      #{correspondOrderId,jdbcType=BIGINT}, #{shopName,jdbcType=VARCHAR}, #{buyerName,jdbcType=VARCHAR},
      #{orderAmount,jdbcType=DECIMAL}, #{paymentTotalPrice,jdbcType=DECIMAL}, #{bankPaymentId,jdbcType=VARCHAR},
      #{paymentTime,jdbcType=TIMESTAMP})
    </if>
  </insert>
  <select id="getAllOrderId" resultType="string">
    select order_id from tb_payment
  </select>
  <select id="selectByConditions" parameterType="com.lea.proj.model.common.ConditionVo" resultMap="BaseResultMap">
    select * from tb_payment
    <where>
      <if test="id != null and id != ''">
        and order_id = #{id}
      </if>
      <if test="startTime != null and startTime != ''">
        and payment_time <![CDATA[>=]]> #{startTime}
      </if>
      <if test="endTime != null and endTime != ''">
        and payment_time <![CDATA[<=]]> #{endTime}
      </if>
    </where>
    order by payment_time desc
  </select>
</mapper>